{"cameraMode":{"drawMode":0,"name":"Shaded","section":"Shading Mode"},"sceneLighting":true,"audioPlay":false,"sceneViewState":{"showFog":true,"showMaterialUpdate":false,"showSkybox":true,"showFlares":true,"showImageEffects":true,"showParticleSystems":true},"in2DMode":false,"pivot":{"x":-20.643512725830079,"y":-66.31524658203125,"z":-36.403656005859378},"rotation":{"x":-0.08681454509496689,"y":0.8656377196311951,"z":-0.46596571803092959,"w":-0.1612778902053833},"size":275.0100402832031,"orthographic":false}