{"cameraMode":{"drawMode":0,"name":"Shaded","section":"Shading Mode"},"sceneLighting":true,"audioPlay":false,"sceneViewState":{"showFog":true,"showMaterialUpdate":false,"showSkybox":true,"showFlares":true,"showImageEffects":true,"showParticleSystems":true},"in2DMode":false,"pivot":{"x":-22.614105224609376,"y":-806.671630859375,"z":5.384740829467773},"rotation":{"x":0.0002131805958924815,"y":0.7043347954750061,"z":-0.7098679542541504,"w":0.00021101019228808582},"size":1208.216552734375,"orthographic":false}